id,question,expected_file,expected_function,retrieved,hit,hit_rank
q01,Does requests remove the Authorization header when a redirect goes to a different hostname?,sessions.py,SessionRedirectMixin.should_strip_auth,sessions.py::SessionRedirectMixin.should_strip_auth; sessions.py::SessionRedirectMixin.rebuild_proxies; adapters.py::HTTPAdapter.send,yes,1
q02,What happens to a POST request when the server responds with a 302 redirect?,sessions.py,SessionRedirectMixin.rebuild_method,sessions.py::SessionRedirectMixin.rebuild_method; api.py::request; utils.py::super_len,yes,1
q03,What happens if a request exceeds the maximum number of allowed redirects?,sessions.py,SessionRedirectMixin.resolve_redirects,sessions.py::Session.__init__; adapters.py::HTTPAdapter.init_poolmanager; sessions.py::SessionRedirectMixin.resolve_redirects,yes,3
q04,What is the default maximum number of redirects allowed by a requests Session?,sessions.py,Session.__init__,sessions.py::Session.__init__; sessions.py::SessionRedirectMixin.should_strip_auth; adapters.py::HTTPAdapter.init_poolmanager,yes,1
q05,What happens to a POST request when the server responds with a 301 redirect?,sessions.py,SessionRedirectMixin.rebuild_method,sessions.py::SessionRedirectMixin.rebuild_method; api.py::request; utils.py::super_len,yes,1
q06,"If both a Session and an individual request define headers, how are those settings combined?",sessions.py,merge_setting,adapters.py::HTTPAdapter.build_connection_pool_key_attributes; sessions.py::Session.__init__; sessions.py::Session.prepare_request,no,
q07,"If no character encoding is specified for a text Content-Type header, what encoding does requests choose?",utils.py,get_encoding_from_headers,utils.py::get_encoding_from_headers; models.py::Response.__init__; models.py::Response.text,yes,1
q08,Does a PreparedRequest regenerate its Cookie header every time prepare_cookies is called?,models.py,PreparedRequest.prepare_cookies,models.py::PreparedRequest.__init__; models.py::PreparedRequest.prepare_cookies; models.py::Response.__init__,yes,2
q09,"When converting a dict to a CookieJar, is overwrite True by default?",cookies.py,cookiejar_from_dict,cookies.py::cookiejar_from_dict; cookies.py::merge_cookies; sessions.py::Session.__init__,yes,1
q10,What salary does the primary maintainer of requests receive for maintaining the project?,,,__init__.py::check_compatibility; __init__.py::_check_cryptography; adapters.py::_urllib3_request_context,n/a,
